id;MAIL_DESTINATAIRE;MAIL_EXPEDITEUR;MAIL_DATE;MAIL_IP
"117";"bodin.thomas117";"catalin.rusu@businessesproperties.eu";"Mon Jan 04 16:44:44 CET 2016";"94.176.131.99"
"117";"cave.martin117";"catalin.rusu@businessesproperties.eu";"Mon Jan 04 15:53:43 CET 2016";"94.176.131.97"
"117";"dubois.pierre117";"catalin.rusu@businessesproperties.eu";"Mon Jan 04 15:41:26 CET 2016";"94.176.131.97"
"127";"cave.martin127";"alexis@lamaisondukakemono.fr";"Mon Dec 21 10:17:09 CET 2015";"87.253.233.120"
"272";"bodin.thomas272";"catalin.rusu@businessesproperties.eu";"Fri Jan 15 18:37:43 CET 2016";"94.176.131.99"
"272";"cave.martin272";"catalin.rusu@businessesproperties.eu";"Fri Jan 15 17:40:56 CET 2016";"94.176.131.98"
"272";"dubois.pierre272";"catalin.rusu@businessesproperties.eu";"Fri Jan 15 15:07:43 CET 2016";"94.176.131.99"
